Brand,Model,Vendor Material Description,MSRP,,
Philips Hue,458471,Philips HUE Bridge NAM,$65.99,,
Philips Hue,802074,Lily Hue ext. spike LED black 1x8W 24V,$109.99,,
Philips Hue,802082,Calla Hue ext. pedestal LED black 1x8W,$142.99,,
Philips Hue,1743830V7,Econic Hue WACA NAM square wall lantern,$186.99,,
Philips Hue,1744030V7,Econic Hue WACA NAM down wall lantern,$186.99,,
Philips Hue,1746230V7,Lily XL Hue WACA LV NAM spike LED black,$175.99,,
Philips Hue,576082,Resonate Hue WACA NAM wall lantern LED,$175.99,,
Philips Hue,1743530V7,Discover Hue WACA NAM,$197.99,,
Philips Hue,1743930V7,Econic Hue WACA NAM up wall lantern LED,$186.99,,
Philips Hue,7820130U7,COL HUE PLAY SINGLEPK NAM Black,$98.99,,
Philips Hue,7820230U7,COL HUE PLAY DOUBLEPK NAM Black,$175.99,,
Philips Hue,7820231U7,COL HUE PLAY DOUBLEPK NAM White,$175.99,,
Philips Hue,1745730V7,Econic Hue WACA LV NAM pedestal LED,$175.99,,
Philips Hue,1746330V7,Appear Hue WACA NAM wall lantern LED,$175.99,,
Philips Hue,1746630V7,Amarant Hue WACA NAM,$197.99,,
Philips Hue,573733,Gradient Signe table white NAM,$241.99,,
Philips Hue,569095,Gradient Signe table black NAM,$241.99,,
Philips Hue,573709,Gradient Signe floor white NAM,$362.99,,
Philips Hue,569103,Gradient Signe floor black NAM,$362.99,,
Philips Hue,573717,Play gradient light tube CMP white NAM,$219.99,,
Philips Hue,569129,Play gradient light tube CMP black NAM,$219.99,,
Philips Hue,582494,Play gradient light tube LRG white NAM 2,$241.99,,
Philips Hue,582502,Play gradient light tube LRG black NAM 2,$241.99,,
Philips Hue,4116331U9,Hue Infuse ceiling lamp LED white,$274.99,,
Philips Hue,1746730V7,Lily Hue base unit NAM spike LED black 3,$373.99,,
Philips Hue,1745930V7,Impress Hue WACA LV NAM wall lantern LED,$175.99,,
Philips Hue,563577,Philips HueWA 7W Fil A19 NAM E26,$43.99,,
Philips Hue,563585,Philips HueWA 7W Fil ST19 NAM E26,$48.99,,
Philips Hue,563593,Philips HueWA 7W Fil G25 NAM E26,$48.99,,
Philips Hue,563908,Philips HueWA 7W Fil ST23 NAM E26,$59.99,,
Philips Hue,563916,Philips HueWA 7W Fil G40 NAM E26,$59.99,,
Philips Hue,576447,Hue Go portable table lamp W NAM,$175.99,,
Philips Hue,576454,Hue Go portable table lamp B NAM,$175.99,,
Philips Hue,577056,Philips Hue WA 4.4W Fil Candle E12 1P NA,$48.99,,
Philips Hue,577080,Philips Hue WA 4.4W Fil Candle E12 2P NA,$70.99,,
Philips Hue,577460,Philips Hue LG Ellipse E26 NAM,$98.99,,
Philips Hue,578203,Gradient Signe table oak NAM,$263.99,,
Philips Hue,578237,Gradient Signe floor oak NAM,$384.99,,
Philips Hue,579789,Enrave M Hue ceiling lamp white NAM,$252.99,,
Philips Hue,579813,Enrave L Hue ceiling lamp white NAM,$307.99,,
Philips Hue,579847,Infuse M Hue ceiling lamp black NAM,$274.99,,
Philips Hue,580837,Enrave L Hue ceiling lamp black NAM,$307.99,,
Philips Hue,582114,Hue Bridge Pro NAM,$98.99,,
Philips Hue,585893,Play light bar power adapter NAM (w),$32.99,,
Philips Hue,585901,Play light bar power adapter NAM (b),$32.99,,
Philips Hue,585959,Play lightstrip 2.5 m ext cable NAM (b),$11.99,,
Philips Hue,585967,Play light bar stands NAM,$10.99,,
Philips Hue,585975,TV lightstrip mounts + mounting tape NAM,$13.99,,
Philips Hue,585983,PC lightstrip mounts + mounting tape NAM,$13.99,,
Philips Hue,585232,Hue Dymera Wall light NAM,$241.99,,
Philips Hue,585307,Hue Festavia string lights 250LEDs NAM,$241.99,,
Philips Hue,585331,Hue Festavia string lights 100LEDs NAM,$131.99,,
Philips Hue,585364,Hue Festavia string lights 500LEDs NAM,$395.99,,
Philips Hue,585604,Hue Twilight bedside lamp white NAM,$307.99,,
Philips Hue,585638,Hue Twilight bedside lamp black NAM,$307.99,,
Philips Hue,588301,Being Hue ceiling lamp white NAM,$241.99,,
Philips Hue,589291,Impress Hue LV NAM pedestal,$208.99,,
Philips Hue,589325,Impress Hue NAM wall lantern,$175.99,,
Philips Hue,589358,Impress Hue LV NAM large wall lantern,$197.99,,
Philips Hue,589382,Calla Large Hue LV NAM pedestal,$186.99,,
Philips Hue,590133,Hue Play wall washer white NAM,$219.99,,
Philips Hue,590166,Hue Play wall washer black NAM,$219.99,,
Philips Hue,591909,Philips Hue WCA A19 E26 4KIT Pro NAM,$241.99,,
Philips Hue,591957,Philips Hue WCA A19 E26 3KIT sb Pro NAM,$219.99,,
Philips Hue,592030,Philips Hue WCA A19 E26 3KIT td Pro NAM,$241.99,,
Philips Hue,591388,Festavia Hue globe string 7m 8bulb NAM,$175.99,,
Philips Hue,591412,Festavia Hue globe string 14m 16bulb NAM,$219.99,,
Philips Hue,591446,Festavia Hue globe string 28m 32bulb NAM,$362.99,,
Philips Hue,608975,Philips Hue E WCA 800 A19 E26 2kit NAM,$79.99,,
Philips Hue,608983,Philips Hue E WCA 800 A19 E26 4kit NAM,$99.99,,
Philips Hue,591999,Hue Play wall washer 2-pack white NAM,$384.99,,
Philips Hue,592022,Hue Play wall washer 2-pack black NAM,$384.99,,
Philips Hue,591925,"Philips Hue WCA DL Can 5/6"" 4KIT Pro NAM",$249.99,,
Philips Hue,609602,Lucca Hue wall NAM 1xA19 WCA,$109.99,,
